Name,Category,District,Contact_Number,WhatsApp_Link,Pet_Policy_Details,Website,Address,Hours,Latitude,Longitude
Pets Oasis Abu Dhabi,Veterinary Clinic,Al Muroor,+971 2 676 7100,https://wa.me/971558693022,"Full-service veterinary clinic, boarding, grooming, and pet store. Shortlisted for Pet Industry Awards 2025. Dr. Elizabeth Thomas.",https://petsoasisabudhabi.ae/,"66 Al Majarrah Street, Al Muroor, Zone 1 Sector E-38",Mon-Sun 9am-9pm,24.447044,54.383701
British Veterinary Centre,Veterinary Clinic,Khalifa City,+971 2 550 4111,https://wa.me/971508230780,"24/7 emergency and critical care, multi-specialty veterinary hospital",https://britvet.com/,"Al Fursan St, Khalifa City - Sector 33",Mon-Fri 8am-10pm | Sat 10am-5pm | Sun Closed,24.418329,54.548001
National Veterinary Clinic,Veterinary Clinic,Al Khalidiyah,+971 2 665 5044,https://wa.me/971588488259,"Emergency services, general practice, specialized treatments. Emergency: +971 50 615 1711",,"315 Al Falah St, Al Khalidiyah, W9",,24.471389,54.35857
New Veterinary Clinic,Veterinary Clinic,Near National Hospital,+971 2 672 5955,https://wa.me/971504464910,"24/7 emergency line, general veterinary services. Emergency: +971 50 446 4910",https://www.newvetclinic.com/,"Mezzanine Floor, Al Rafideen Laundry building, next to National Hospital",,24.480443,54.356614
German Veterinary Clinic,Veterinary Clinic,Khalifa City A,+971 2 556 2024,,"Middle East's only Veterinary Behaviour Medicine specialist, fear-free certified. Est. 2008 by Dr Katrin Jahn",https://germanvet.ae/,"Street No. 39, Khalifa City A, PO Box 34867",8am-5pm,24.428505,54.542919
Pet Pavilion Abu Dhabi,Veterinary Clinic,Musaffah ICAD I,+971 2 559 0453,https://wa.me/971502209922,"Comprehensive vet services, dog training, luxury boarding with pet-cam access. 14,000 sq meter facility with indoor pool. Shortlisted for Pet Industry Awards 2025",https://www.petpavilion.ae/,"Plot M35, Street 13, Musaffah ICAD I",Mon-Thu 9am-8pm | Fri-Sun 10am-7pm,24.350034,54.497774
The City Vet Clinic,Veterinary Clinic,Khalifa City A,+971 2 448 2448,,"Large veterinary clinic established 2012, comprehensive medical facilities including dermatology and cardiology",https://www.thecityvetclinic.com/,"12th Street opp al Fursan village, Khalifa City A",,24.427445,54.555792
Best Pet Vet,Veterinary Clinic,Al Rahah,+971 58 511 7557,,General veterinary practice serving Al Rahah community,,,,24.44449,54.635665
WELLPET Veterinary Clinic,Veterinary Clinic,Muroor,+971 2 635 5534,,General veterinary services in Muroor area,,,,24.452507,54.380637
Aleef Vet Clinic,Veterinary Clinic,Al Bateen,+971 2 557 2736,,Veterinary clinic serving Al Bateen residents,,,,24.460759,54.342262
Hogwarts Veterinary Clinic,Veterinary Clinic,Tourist Club Area,+971 55 750 4215,,Veterinary services in Tourist Club Area,,,,24.488955,54.362642
Pets Republic,Veterinary Clinic,Al Nahyan,+971 2 582 4002,,Veterinary clinic serving Al Nahyan district,,,,24.465046,54.367827
Pawspact Veterinarian Clinic,Veterinary Clinic,Al Hisn,+971 2 622 7260,,General veterinary practice in Al Hisn,,,,24.485848,54.362326
Super Vet Al Raha,Emergency Vet 24/7,Al Raha,Contact via website,,"24/7 emergency veterinary clinic, open all holidays",https://www.supervetdubai.com/,Al Raha,24/7,24.449564,54.633661
Pure Life Vet,Emergency Vet 24/7,Abu Dhabi & Dubai,+971 50 181 6726,,24/7 emergency support for pets in Abu Dhabi and Dubai,https://purelifevet.com/,,24/7,24.451694,54.379277
Pets Corner Salon,Pet Grooming,Various,+971 52 811 6855,https://wa.me/971528116855,Pet day care and grooming for cats and dogs. Complete care services,https://petscornerad.ae/,,,24.4568,54.377575
Jack Pet Grooming Salon,Pet Grooming,Abu Dhabi,+971 50 525 8674,https://wa.me/971505258674,Professional grooming services,,,,24.446127,54.37986
Miss Meow Grooming,Pet Grooming,Mobile Service,+971 54 441 0202,https://wa.me/971501551307,"Mobile grooming vans serving Abu Dhabi, Dubai, and Sharjah",https://missmeow.ae/,Mobile service to your location,,24.451791,54.382081
Mr. Pets,Pet Grooming & Pet Taxi,Abu Dhabi,Contact via website,,"Mobile grooming, salon services, and pet taxi transportation",https://mrpets.ae/,,,24.455851,54.383261
Nin9 Tails,Pet Grooming & Pet Taxi,Abu Dhabi,Contact via website,,Premium grooming salon with mobile services and pet taxi,https://www.nin9tails.com/,,,24.452709,54.383726
Sweet Grooming Pet Salon,Pet Grooming,Abu Dhabi,Contact via Cobone,,"Grooming for birds, cats, and dogs from AED 49",,,,24.453185,54.374495
Cloud Nine Pet Hotel,Pet Boarding,Abu Dhabi,Contact via website,,"All-in-one pet destination: boarding, grooming for dogs, ferrets, birds, rabbits",,,,24.452059,54.377431
Abu Dhabi Animal Shelter,Pet Boarding & Adoption,Near Airport,+971 2 575 5155,https://wa.me/971569986809,"Professional boarding, adoption services (600+ pets/year), training, agility park. Emergency mobile: 056-998-6809",https://www.abudhabianimalshelter.com/,"Abu Dhabi Falcon Hospital Site, between Airport and Al Shamkha",Mon-Thu 8am-4:30pm | Fri 8am-11:30am | Sun 8am-2:30pm,24.427336,54.652494
Pet Maison,Pet Boarding & Daycare,Abu Dhabi,Contact via website,,"Pet boarding and daycare services with Haven suites, Royal suites, and TLC rooms",https://www.petmaison.ae/,,,24.45138,54.384954
American Veterinary Clinic Kennels,Pet Boarding,Mussafah,Contact via website,,"Fully air-conditioned kennels, 25 mins from Abu Dhabi center",https://americanvet.ae/,,,24.461864,54.375367
Abu Dhabi Falcon Hospital Pet Hotel,Pet Boarding,Near Airport,Contact via website,,Large air-conditioned rooms with outdoor garden access for dogs,https://www.falconhospital.com/,,,24.425954,54.648748
Pet Pavilion Boarding,Pet Boarding,Musaffah ICAD I,+971 2 559 0453,https://wa.me/971502209922,"Luxury dog boarding with 24/7 pet-cam access, pool facilities, personalized care",https://www.petpavilion.ae/,"Plot M35, Street 13, Musaffah ICAD I",,24.354169,54.491606
The Pet Sitting Co.,Pet Daycare & Sitting,Abu Dhabi,Contact via website,,"Licensed, insured pet sitters and dog walkers trained in animal behavior, in-home services",https://www.thepetsittingco.ae/,,,24.460848,54.382069
Cuddle Crew,Pet Daycare & Sitting,Abu Dhabi,Contact via website,,"Premier pet sitting, boarding, and dog walking services",https://cuddlecrew.ae/,,,24.449174,54.373814
The PetShop - Reem Island,Pet Shop,Al Reem Island,+971 2 550 7111,,"Premium pet supplies, food, and accessories",https://www.thepetshop.com/,"Al Rami St, Al Reem Island, Leaf Tower Building",Mon-Sun 9am-10pm,24.500886,54.399828
The PetShop - Forsan Central Mall,Pet Shop,Khalifa City,Contact via store,,Pet supplies and accessories,https://www.thepetshop.com/,"Basement Floor, Shop B-03, Forsan Central Mall",Mon-Wed 10am-10pm | Thu-Fri 10am-12am,24.426781,54.546155
Quality Pets Shop LLC,Pet Shop,Abu Dhabi,+971 2 627 6200,,"Multiple locations, comprehensive pet supplies. Additional branches: 02-6717173, 02-6501234, 02-6752689",,,,24.455021,54.377406
Petz N' Stuff,Pet Shop,Al Salam Street,Contact via website,,Pet supplies near Municipality,,Al Salam Street,,24.471413,54.361926
Pet Corner,Pet Shop,Khalifa City,Contact via website,,Pet supplies and accessories,,Khalifa City,,24.418586,54.541541
Pet's Delight,Pet Shop,Khalifa City,Contact via website,,Pet food and supplies with strong online presence,,Khalifa City,,24.417168,54.54233
Aquarium Lives Centre,Aquarium & Pet Shop,Al Reef Villas,Contact via website,,"Aquarium and pet supplies, fish and accessories. Est. 2000",,"Ground floor, Khaled Tower Building, Electra Street",9am-2pm & 5pm-11pm | Fri 5pm-11pm,24.423715,54.608814
Al Mushrif Aquarium Fish Trading,Aquarium Shop,Al Mushrif,+971 52 793 7722,,"Wide variety of aquarium fish, small animals (rabbits, hamsters), aquarium accessories",,"Mushrif mall, basement - Al Mushrif - Zone 1",10am-11pm,24.453782,54.394249
Akiba Dori,Pet-Friendly Restaurant,Yas Bay Waterfront,+971 4 770 7949,,Tokyo-style Japanese street food & Neapolitan pizzas. Dogs welcome on terrace with water bowls provided,,"The Pier, Yas Bay Waterfront, Ground Floor Unit B111",Daily 12pm-12am,24.494971,54.603761
The Lighthouse,Pet-Friendly Cafe,Yas Bay Waterfront,+971 2 236 7831,,"Mediterranean food, coffee, bakery. Pet-friendly terrace with shade and water for pets",https://thelighthouse.ae/,"BW 101-4, Yas Bay Waterfront",Mon-Thu 8am-12am | Fri-Sun 8am-1am,24.484931,54.599333
Mika,Pet-Friendly Restaurant,Yas Marina,+971 56 433 1422,,Michelin Bib Gourmand. Modern Mediterranean fine dining. Pets welcome on outdoor terrace,https://mika.ae/,Yas Marina,Sun-Thu 12pm-12am,24.472717,54.615328
Stars 'N' Bars,Pet-Friendly Restaurant,Yas Marina,+971 2 565 0101,,American sports bar. Dogs allowed in outdoor area until 7pm daily,https://starsnbars.ae/,"Emporium Bldg, Yas Marina Circuit",Weekdays 12pm-2am | Weekends 12pm-3am,24.474499,54.614645
Diablito,Pet-Friendly Restaurant,Yas Marina,Contact via venue,,Spanish tapas and stone-baked pizzas. Dogs welcome on downstairs terrace with marina views,,Yas Marina,Daily 12pm-12am,24.461187,54.600716
Localino,Pet-Friendly Restaurant,Al Raha Beach,+971 2 622 6133,,Authentic Roman-style pizzas and Italian cuisine. Dogs welcome on outdoor terrace,,Al Raha Beach - Canal Level,Daily 9am-11pm | Fri-Sat until 12am,24.450722,54.639154
Le Noir,Pet-Friendly Cafe,Saadiyat Island,+971 2 448 4859,,Family and pet-friendly patio dining. Popular Saadiyat community meeting place,,"St Regis Residences, Saadiyat",Daily 7am-11pm,24.534424,54.442738
Coffee Architecture,Pet-Friendly Cafe,Saadiyat Island,Contact via venue,,"Artisan coffee, furry friends welcome at outside tables all day",,Soul Beach - Mamsha Al Saadiyat - Turquoise building no. 9,Daily 7am-10:30pm,24.536089,54.441385
The Specialty Coffee Place,Pet-Friendly Cafe,Saadiyat Island,Contact via venue,,"Emirati artisan coffee with waterfront views, dogs welcome on outdoor tables",,Mamsha Al Saadiyat,,24.535534,54.437625
W Abu Dhabi - Yas Island,Pet-Friendly Hotel,Yas Island,+971 2 656 0000,,"Luxury hotel welcoming trained pets. Pet fee: AED 70/night + AED 350 cleaning. Max 18kg, 1 pet/room",https://www.marriott.com/,Yas Island,,24.487143,54.612736
Radisson Blu Yas Island,Pet-Friendly Hotel,Yas Island,Contact via hotel,,Pets of any size welcome. Fee: AED 70/pet/night + AED 350 cleaning. Dogs and cats allowed,,Yas Island,,24.489107,54.604688
Crowne Plaza Yas Island,Pet-Friendly Hotel,Yas Island,Contact via hotel,,Pets welcome with prior booking. Fee: AED 70/pet/day + AED 350 exit cleaning,,Yas Island,,24.485192,54.608888
Luxuria 2BR Elegance,Pet-Friendly Apartment,Saadiyat Island,Contact via Booking.com,,"Pet-friendly apartment, 14-min walk from Louvre Abu Dhabi",https://www.booking.com/,,,24.539004,54.431334
Jupiter Saadiyat Beach,Pet-Friendly Apartment,Saadiyat Island,Contact via Booking.com,,"Pet-friendly accommodation near NYU Abu Dhabi, 4.1 miles from Louvre",https://www.booking.com/,,,24.5359,54.431575
Sandy 1BR Soul Beach Mamsha,Pet-Friendly Apartment,Saadiyat Island,Contact via Booking.com,,Recently renovated pet-friendly apartment with indoor pool and garden,https://www.booking.com/,,,24.538857,54.442404
Peaceful and Spacious Apartment,Pet-Friendly Apartment,Saadiyat Island,Contact via Booking.com,,"Pet-friendly with balcony, free parking and WiFi, 5.7km from Louvre",https://www.booking.com/,,,24.537675,54.441641
1 BHK Luxurious Stay,Pet-Friendly Apartment,Al Reem Island,Contact via Booking.com,,"Beach access, pet-friendly, 5.3 miles from Al Wahda Mall",https://www.booking.com/,,,24.497496,54.409326
Sunshine Pool View 1BR,Pet-Friendly Apartment,Al Reem Island,Contact via Booking.com,,Pet-friendly apartment with pool views,https://www.booking.com/,,,24.489402,54.408946
Trendy 1BR Mangrove Place,Pet-Friendly Apartment,Al Reem Island,Contact via Booking.com,,"Indoor pool, terrace, free parking and WiFi, pet-friendly",https://www.booking.com/,,,24.494805,54.394969
Happy Hounds Academy,Pet Training,Abu Dhabi,Contact via website,,Dog training and show training classes led by certified trainer Alex,https://www.happyhoundsacademy.com/,,,24.454642,54.384978
Olivier Zoppi Dog Training,Pet Training,UAE-wide (Abu Dhabi),Contact via website,,"Award-winning trainer (2x Animalia Awards Best Dog Trainer). In-home training, behavioral specialist, private sessions",https://www.olivierzoppi.com/,,,24.453365,54.369348
SRK9 Dog Training,Pet Training,Abu Dhabi & Dubai,Contact via website,,Founded 2021 by Sateesh Kumar. Puppy and obedience training programs,https://srk9dogtraining.ae/,,,24.454299,54.371609
Abu Dhabi Animal Shelter Training,Pet Training,Near Airport,+971 2 575 5155,,"First and best Dog Agility Park in UAE, experienced trainers",https://www.abudhabianimalshelter.com/,"Abu Dhabi Falcon Hospital Site, between Airport and Al Shamkha",Mon-Thu 8am-4:30pm,24.437986,54.653022
Pet Pavilion Training,Pet Training,Musaffah ICAD I,+971 2 559 0453,,"Dog training using positive reinforcement. Addresses jumping, barking, leash pulling, separation anxiety",https://www.petpavilion.ae/,"Plot M35, Street 13, Musaffah ICAD I",,24.353699,54.493235
Chauf-fur Pet Taxi,Pet Transportation,UAE-wide,Contact via WhatsApp,https://wa.me/971559927669,"24/7 pet taxi and transportation in Dubai & Abu Dhabi, city-to-city transport",https://chauf-fur.com/,,24/7,24.449488,54.381777
Pet Station Pet Taxi,Pet Transportation,UAE-wide,+971 4 321 4430,,"Safe pet transportation, 24-hour advance booking recommended. Urgent calls Ext 222",,24-hour advance booking,,24.452157,54.379954
Crazy Pets Taxi,Pet Transportation,Abu Dhabi,Contact via website,,"Dedicated pet taxi in Abu Dhabi offering easy, convenient, and safe pet transportation",https://crazypets.ae/,,,24.453484,54.377047
Al Khubeirah Dog Park,Pet Recreation,Al Khubeirah,Public - Free,,"Secure gated environment, separate areas for large/small dogs, play equipment, green spaces",,"Al Khubeirah district, Abu Dhabi",Daily 6am-10pm,24.472482,54.381769
Island Blue Boats,Pet Recreation,Yas Marina,Contact via website,,Pet-friendly boat rides with Abu Dhabi seascape views,,Yas Marina,,24.472474,54.60634
Kite Beach Abu Dhabi,Pet Recreation,Abu Dhabi,Public - Free,,Dog-friendly beach area,,Abu Dhabi coastline,,24.457845,54.373128
AWAD - Animal Welfare Abu Dhabi,Pet Adoption & Rescue,Abu Dhabi,Contact via myawad.ae,,"Non-profit rescuing and rehoming strays. Adoption fee AED 1,000-1,500 covers medical expenses",https://myawad.ae/,,,24.453183,54.373545
Mussafah Dog Project,Pet Adoption & Rescue,Mussafah,Via Facebook UaeAdoption,,"Volunteer-run rescue feeding, medical care, and rehoming for Mussafah area strays. Regular adoption events at Pet Pavilion",,Mussafah area,,24.452009,54.369792
K9 Friends UAE,Pet Adoption & Rescue,UAE-wide,Contact via website,,"Established 1989, leading UAE dog rescue organization",https://www.k9friends.com/,,,24.459134,54.372493
