Name,Category,District,Contact_Number,WhatsApp_Link,Pet_Policy_Details,Website,Address,Hours
Pets Oasis Abu Dhabi,Veterinary Clinic,Al Muroor,+971 2 676 7100,https://wa.me/971558693022,"Full-service veterinary clinic, boarding, grooming, and pet store. Shortlisted for Pet Industry Awards 2025. Dr. Elizabeth Thomas.",https://petsoasisabudhabi.ae/,"66 Al Majarrah Street, Al Muroor, Zone 1 Sector E-38",Mon-Sun 9am-9pm
British Veterinary Centre,Veterinary Clinic,Khalifa City,+971 2 550 4111,https://wa.me/971508230780,"24/7 emergency and critical care, multi-specialty veterinary hospital",https://britvet.com/,"Al Fursan St, Khalifa City - Sector 33",Mon-Fri 8am-10pm | Sat 10am-5pm | Sun Closed
National Veterinary Clinic,Veterinary Clinic,Al Khalidiyah,+971 2 665 5044,https://wa.me/971588488259,"Emergency services, general practice, specialized treatments. Emergency: +971 50 615 1711",,"315 Al Falah St, Al Khalidiyah, W9",
New Veterinary Clinic,Veterinary Clinic,Near National Hospital,+971 2 672 5955,https://wa.me/971504464910,"24/7 emergency line, general veterinary services. Emergency: +971 50 446 4910",https://www.newvetclinic.com/,"Mezzanine Floor, Al Rafideen Laundry building, next to National Hospital",
German Veterinary Clinic,Veterinary Clinic,Khalifa City A,+971 2 556 2024,,"Middle East's only Veterinary Behaviour Medicine specialist, fear-free certified. Est. 2008 by Dr Katrin Jahn",https://germanvet.ae/,"Street No. 39, Khalifa City A, PO Box 34867",8am-5pm
Pet Pavilion Abu Dhabi,Veterinary Clinic,Musaffah ICAD I,+971 2 559 0453,https://wa.me/971502209922,"Comprehensive vet services, dog training, luxury boarding with pet-cam access. 14,000 sq meter facility with indoor pool. Shortlisted for Pet Industry Awards 2025",https://www.petpavilion.ae/,"Plot M35, Street 13, Musaffah ICAD I",Mon-Thu 9am-8pm | Fri-Sun 10am-7pm
The City Vet Clinic,Veterinary Clinic,Khalifa City A,+971 2 448 2448,,"Large veterinary clinic established 2012, comprehensive medical facilities including dermatology and cardiology",https://www.thecityvetclinic.com/,"12th Street opp al Fursan village, Khalifa City A",
Best Pet Vet,Veterinary Clinic,Al Rahah,+971 58 511 7557,,"General veterinary practice serving Al Rahah community",,,
WELLPET Veterinary Clinic,Veterinary Clinic,Muroor,+971 2 635 5534,,"General veterinary services in Muroor area",,,
Aleef Vet Clinic,Veterinary Clinic,Al Bateen,+971 2 557 2736,,"Veterinary clinic serving Al Bateen residents",,,
Hogwarts Veterinary Clinic,Veterinary Clinic,Tourist Club Area,+971 55 750 4215,,"Veterinary services in Tourist Club Area",,,
Pets Republic,Veterinary Clinic,Al Nahyan,+971 2 582 4002,,"Veterinary clinic serving Al Nahyan district",,,
Pawspact Veterinarian Clinic,Veterinary Clinic,Al Hisn,+971 2 622 7260,,"General veterinary practice in Al Hisn",,,
Super Vet Al Raha,Emergency Vet 24/7,Al Raha,Contact via website,,"24/7 emergency veterinary clinic, open all holidays",https://www.supervetdubai.com/,Al Raha,24/7
Pure Life Vet,Emergency Vet 24/7,Abu Dhabi & Dubai,+971 50 181 6726,,"24/7 emergency support for pets in Abu Dhabi and Dubai",https://purelifevet.com/,,24/7
Pets Corner Salon,Pet Grooming,Various,+971 52 811 6855,https://wa.me/971528116855,"Pet day care and grooming for cats and dogs. Complete care services",https://petscornerad.ae/,,
Jack Pet Grooming Salon,Pet Grooming,Abu Dhabi,+971 50 525 8674,https://wa.me/971505258674,Professional grooming services,,,
Miss Meow Grooming,Pet Grooming,Mobile Service,+971 54 441 0202,https://wa.me/971501551307,"Mobile grooming vans serving Abu Dhabi, Dubai, and Sharjah",https://missmeow.ae/,Mobile service to your location,
Mr. Pets,Pet Grooming & Pet Taxi,Abu Dhabi,Contact via website,,"Mobile grooming, salon services, and pet taxi transportation",https://mrpets.ae/,,
Nin9 Tails,Pet Grooming & Pet Taxi,Abu Dhabi,Contact via website,,"Premium grooming salon with mobile services and pet taxi",https://www.nin9tails.com/,,
Sweet Grooming Pet Salon,Pet Grooming,Abu Dhabi,Contact via Cobone,,"Grooming for birds, cats, and dogs from AED 49",,,
Cloud Nine Pet Hotel,Pet Boarding,Abu Dhabi,Contact via website,,"All-in-one pet destination: boarding, grooming for dogs, ferrets, birds, rabbits",,,
Abu Dhabi Animal Shelter,Pet Boarding & Adoption,Near Airport,+971 2 575 5155,https://wa.me/971569986809,"Professional boarding, adoption services (600+ pets/year), training, agility park. Emergency mobile: 056-998-6809",https://www.abudhabianimalshelter.com/,"Abu Dhabi Falcon Hospital Site, between Airport and Al Shamkha",Mon-Thu 8am-4:30pm | Fri 8am-11:30am | Sun 8am-2:30pm
Pet Maison,Pet Boarding & Daycare,Abu Dhabi,Contact via website,,"Pet boarding and daycare services with Haven suites, Royal suites, and TLC rooms",https://www.petmaison.ae/,,
American Veterinary Clinic Kennels,Pet Boarding,Mussafah,Contact via website,,"Fully air-conditioned kennels, 25 mins from Abu Dhabi center",https://americanvet.ae/,,
Abu Dhabi Falcon Hospital Pet Hotel,Pet Boarding,Near Airport,Contact via website,,"Large air-conditioned rooms with outdoor garden access for dogs",https://www.falconhospital.com/,,
Pet Pavilion Boarding,Pet Boarding,Musaffah ICAD I,+971 2 559 0453,https://wa.me/971502209922,"Luxury dog boarding with 24/7 pet-cam access, pool facilities, personalized care",https://www.petpavilion.ae/,"Plot M35, Street 13, Musaffah ICAD I",
The Pet Sitting Co.,Pet Daycare & Sitting,Abu Dhabi,Contact via website,,"Licensed, insured pet sitters and dog walkers trained in animal behavior, in-home services",https://www.thepetsittingco.ae/,,
Cuddle Crew,Pet Daycare & Sitting,Abu Dhabi,Contact via website,,"Premier pet sitting, boarding, and dog walking services",https://cuddlecrew.ae/,,
The PetShop - Reem Island,Pet Shop,Al Reem Island,+971 2 550 7111,,"Premium pet supplies, food, and accessories",https://www.thepetshop.com/,"Al Rami St, Al Reem Island, Leaf Tower Building",Mon-Sun 9am-10pm
The PetShop - Forsan Central Mall,Pet Shop,Khalifa City,Contact via store,,"Pet supplies and accessories",https://www.thepetshop.com/,"Basement Floor, Shop B-03, Forsan Central Mall",Mon-Wed 10am-10pm | Thu-Fri 10am-12am
Quality Pets Shop LLC,Pet Shop,Abu Dhabi,+971 2 627 6200,,"Multiple locations, comprehensive pet supplies. Additional branches: 02-6717173, 02-6501234, 02-6752689",,,
Petz N' Stuff,Pet Shop,Al Salam Street,Contact via website,,"Pet supplies near Municipality",,Al Salam Street,
Pet Corner,Pet Shop,Khalifa City,Contact via website,,"Pet supplies and accessories",,Khalifa City,
Pet's Delight,Pet Shop,Khalifa City,Contact via website,,"Pet food and supplies with strong online presence",,Khalifa City,
Aquarium Lives Centre,Aquarium & Pet Shop,Al Reef Villas,Contact via website,,"Aquarium and pet supplies, fish and accessories. Est. 2000","","Ground floor, Khaled Tower Building, Electra Street",9am-2pm & 5pm-11pm | Fri 5pm-11pm
Al Mushrif Aquarium Fish Trading,Aquarium Shop,Al Mushrif,+971 52 793 7722,,"Wide variety of aquarium fish, small animals (rabbits, hamsters), aquarium accessories",,"Mushrif mall, basement - Al Mushrif - Zone 1",10am-11pm
Akiba Dori,Pet-Friendly Restaurant,Yas Bay Waterfront,+971 4 770 7949,,"Tokyo-style Japanese street food & Neapolitan pizzas. Dogs welcome on terrace with water bowls provided",,"The Pier, Yas Bay Waterfront, Ground Floor Unit B111",Daily 12pm-12am
The Lighthouse,Pet-Friendly Cafe,Yas Bay Waterfront,+971 2 236 7831,,"Mediterranean food, coffee, bakery. Pet-friendly terrace with shade and water for pets",https://thelighthouse.ae/,"BW 101-4, Yas Bay Waterfront",Mon-Thu 8am-12am | Fri-Sun 8am-1am
Mika,Pet-Friendly Restaurant,Yas Marina,+971 56 433 1422,,"Michelin Bib Gourmand. Modern Mediterranean fine dining. Pets welcome on outdoor terrace",https://mika.ae/,Yas Marina,Sun-Thu 12pm-12am
Stars 'N' Bars,Pet-Friendly Restaurant,Yas Marina,+971 2 565 0101,,"American sports bar. Dogs allowed in outdoor area until 7pm daily",https://starsnbars.ae/,"Emporium Bldg, Yas Marina Circuit",Weekdays 12pm-2am | Weekends 12pm-3am
Diablito,Pet-Friendly Restaurant,Yas Marina,Contact via venue,,"Spanish tapas and stone-baked pizzas. Dogs welcome on downstairs terrace with marina views",,Yas Marina,Daily 12pm-12am
Localino,Pet-Friendly Restaurant,Al Raha Beach,+971 2 622 6133,,"Authentic Roman-style pizzas and Italian cuisine. Dogs welcome on outdoor terrace",,Al Raha Beach - Canal Level,Daily 9am-11pm | Fri-Sat until 12am
Le Noir,Pet-Friendly Cafe,Saadiyat Island,+971 2 448 4859,,"Family and pet-friendly patio dining. Popular Saadiyat community meeting place",,"St Regis Residences, Saadiyat",Daily 7am-11pm
Coffee Architecture,Pet-Friendly Cafe,Saadiyat Island,Contact via venue,,"Artisan coffee, furry friends welcome at outside tables all day",,Soul Beach - Mamsha Al Saadiyat - Turquoise building no. 9,Daily 7am-10:30pm
The Specialty Coffee Place,Pet-Friendly Cafe,Saadiyat Island,Contact via venue,,"Emirati artisan coffee with waterfront views, dogs welcome on outdoor tables",,Mamsha Al Saadiyat,
W Abu Dhabi - Yas Island,Pet-Friendly Hotel,Yas Island,+971 2 656 0000,,"Luxury hotel welcoming trained pets. Pet fee: AED 70/night + AED 350 cleaning. Max 18kg, 1 pet/room",https://www.marriott.com/,Yas Island,
Radisson Blu Yas Island,Pet-Friendly Hotel,Yas Island,Contact via hotel,,"Pets of any size welcome. Fee: AED 70/pet/night + AED 350 cleaning. Dogs and cats allowed",,Yas Island,
Crowne Plaza Yas Island,Pet-Friendly Hotel,Yas Island,Contact via hotel,,"Pets welcome with prior booking. Fee: AED 70/pet/day + AED 350 exit cleaning",,Yas Island,
Luxuria 2BR Elegance,Pet-Friendly Apartment,Saadiyat Island,Contact via Booking.com,,"Pet-friendly apartment, 14-min walk from Louvre Abu Dhabi",https://www.booking.com/,,
Jupiter Saadiyat Beach,Pet-Friendly Apartment,Saadiyat Island,Contact via Booking.com,,"Pet-friendly accommodation near NYU Abu Dhabi, 4.1 miles from Louvre",https://www.booking.com/,,
Sandy 1BR Soul Beach Mamsha,Pet-Friendly Apartment,Saadiyat Island,Contact via Booking.com,,"Recently renovated pet-friendly apartment with indoor pool and garden",https://www.booking.com/,,
Peaceful and Spacious Apartment,Pet-Friendly Apartment,Saadiyat Island,Contact via Booking.com,,"Pet-friendly with balcony, free parking and WiFi, 5.7km from Louvre",https://www.booking.com/,,
1 BHK Luxurious Stay,Pet-Friendly Apartment,Al Reem Island,Contact via Booking.com,,"Beach access, pet-friendly, 5.3 miles from Al Wahda Mall",https://www.booking.com/,,
Sunshine Pool View 1BR,Pet-Friendly Apartment,Al Reem Island,Contact via Booking.com,,"Pet-friendly apartment with pool views",https://www.booking.com/,,
Trendy 1BR Mangrove Place,Pet-Friendly Apartment,Al Reem Island,Contact via Booking.com,,"Indoor pool, terrace, free parking and WiFi, pet-friendly",https://www.booking.com/,,
Happy Hounds Academy,Pet Training,Abu Dhabi,Contact via website,,"Dog training and show training classes led by certified trainer Alex",https://www.happyhoundsacademy.com/,,
Olivier Zoppi Dog Training,Pet Training,UAE-wide (Abu Dhabi),Contact via website,,"Award-winning trainer (2x Animalia Awards Best Dog Trainer). In-home training, behavioral specialist, private sessions",https://www.olivierzoppi.com/,,
SRK9 Dog Training,Pet Training,Abu Dhabi & Dubai,Contact via website,,"Founded 2021 by Sateesh Kumar. Puppy and obedience training programs",https://srk9dogtraining.ae/,,
Abu Dhabi Animal Shelter Training,Pet Training,Near Airport,+971 2 575 5155,,"First and best Dog Agility Park in UAE, experienced trainers",https://www.abudhabianimalshelter.com/,"Abu Dhabi Falcon Hospital Site, between Airport and Al Shamkha",Mon-Thu 8am-4:30pm
Pet Pavilion Training,Pet Training,Musaffah ICAD I,+971 2 559 0453,,"Dog training using positive reinforcement. Addresses jumping, barking, leash pulling, separation anxiety",https://www.petpavilion.ae/,"Plot M35, Street 13, Musaffah ICAD I",
Chauf-fur Pet Taxi,Pet Transportation,UAE-wide,Contact via WhatsApp,https://wa.me/971559927669,"24/7 pet taxi and transportation in Dubai & Abu Dhabi, city-to-city transport",https://chauf-fur.com/,,24/7
Pet Station Pet Taxi,Pet Transportation,UAE-wide,+971 4 321 4430,,"Safe pet transportation, 24-hour advance booking recommended. Urgent calls Ext 222",,24-hour advance booking
Crazy Pets Taxi,Pet Transportation,Abu Dhabi,Contact via website,,"Dedicated pet taxi in Abu Dhabi offering easy, convenient, and safe pet transportation",https://crazypets.ae/,,
Al Khubeirah Dog Park,Pet Recreation,Al Khubeirah,Public - Free,,"Secure gated environment, separate areas for large/small dogs, play equipment, green spaces",,"Al Khubeirah district, Abu Dhabi",Daily 6am-10pm
Island Blue Boats,Pet Recreation,Yas Marina,Contact via website,,"Pet-friendly boat rides with Abu Dhabi seascape views",,Yas Marina,
Kite Beach Abu Dhabi,Pet Recreation,Abu Dhabi,Public - Free,,"Dog-friendly beach area",,Abu Dhabi coastline,
AWAD - Animal Welfare Abu Dhabi,Pet Adoption & Rescue,Abu Dhabi,Contact via myawad.ae,,"Non-profit rescuing and rehoming strays. Adoption fee AED 1,000-1,500 covers medical expenses",https://myawad.ae/,,
Mussafah Dog Project,Pet Adoption & Rescue,Mussafah,Via Facebook UaeAdoption,,"Volunteer-run rescue feeding, medical care, and rehoming for Mussafah area strays. Regular adoption events at Pet Pavilion",,Mussafah area,
K9 Friends UAE,Pet Adoption & Rescue,UAE-wide,Contact via website,,"Established 1989, leading UAE dog rescue organization",https://www.k9friends.com/,,